election_period,meeting,sitting,agenda,filename
ps2013,42,4,163,samples/sample_audio_statistics_output/2016/03/04/2016030411581212.txt
ps2013,42,8,0,samples/sample_audio_statistics_output/2016/03/11/2016031109080922.txt
ps2017,2,2,30,samples/sample_audio_statistics_output/2017/11/30/2017113009280942.txt
ps2013,42,2,124,samples/sample_audio_statistics_output/2016/03/02/2016030217581812.txt
ps2013,42,2,61,samples/sample_audio_statistics_output/2016/03/02/2016030217081722.txt
ps2013,42,10,53,samples/sample_audio_statistics_output/2016/03/23/2016032313481402.txt
ps2013,42,7,213,samples/sample_audio_statistics_output/2016/03/10/2016031011281142.txt
ps2013,42,6,164,samples/sample_audio_statistics_output/2016/03/09/2016030909180932.txt
ps2013,42,8,67,samples/sample_audio_statistics_output/2016/03/11/2016031112181232.txt
ps2013,42,6,160,samples/sample_audio_statistics_output/2016/03/09/2016030913281342.txt
ps2013,42,2,149,samples/sample_audio_statistics_output/2016/03/02/2016030208580912.txt
ps2013,42,2,151,samples/sample_audio_statistics_output/2016/03/02/2016030210381052.txt
ps2013,42,10,172,samples/sample_audio_statistics_output/2016/03/23/2016032312081222.txt
ps2013,42,4,0,samples/sample_audio_statistics_output/2016/03/04/2016030408580912.txt
ps2013,42,5,0,samples/sample_audio_statistics_output/2016/03/08/2016030814581512.txt
ps2017,2,1,1,samples/sample_audio_statistics_output/2017/11/28/2017112814481502.txt
ps2017,2,2,32,samples/sample_audio_statistics_output/2017/11/30/2017113009380952.txt
ps2013,42,1,1,samples/sample_audio_statistics_output/2016/03/01/2016030115181532.txt
ps2013,42,3,140,samples/sample_audio_statistics_output/2016/03/03/2016030310581112.txt
ps2013,42,6,160,samples/sample_audio_statistics_output/2016/03/09/2016030912381252.txt
ps2017,2,1,5,samples/sample_audio_statistics_output/2017/11/28/2017112817181732.txt
ps2017,2,2,0,samples/sample_audio_statistics_output/2017/11/30/2017113008580912.txt
ps2013,42,7,213,samples/sample_audio_statistics_output/2016/03/10/2016031012181232.txt
ps2013,42,2,159,samples/sample_audio_statistics_output/2016/03/02/2016030211281142.txt
ps2013,42,10,154,samples/sample_audio_statistics_output/2016/03/23/2016032310581112.txt
ps2013,42,10,172,samples/sample_audio_statistics_output/2016/03/23/2016032311481202.txt
ps2013,42,5,15,samples/sample_audio_statistics_output/2016/03/08/2016030816381652.txt
ps2013,42,2,152,samples/sample_audio_statistics_output/2016/03/02/2016030211581212.txt
ps2017,2,1,2,samples/sample_audio_statistics_output/2017/11/28/2017112816581712.txt
ps2013,42,10,173,samples/sample_audio_statistics_output/2016/03/23/2016032312481302.txt
ps2013,42,8,18,samples/sample_audio_statistics_output/2016/03/11/2016031109481002.txt
ps2013,42,8,67,samples/sample_audio_statistics_output/2016/03/11/2016031112481302.txt
ps2013,42,6,38,samples/sample_audio_statistics_output/2016/03/09/2016030917381752.txt
ps2013,42,9,202,samples/sample_audio_statistics_output/2016/03/22/2016032217481802.txt
ps2013,42,5,0,samples/sample_audio_statistics_output/2016/03/08/2016030814381452.txt
ps2013,42,10,173,samples/sample_audio_statistics_output/2016/03/23/2016032313081322.txt
ps2013,42,3,141,samples/sample_audio_statistics_output/2016/03/03/2016030311081122.txt
ps2013,42,6,160,samples/sample_audio_statistics_output/2016/03/09/2016030911581212.txt
ps2013,42,3,224,samples/sample_audio_statistics_output/2016/03/03/2016030317481802.txt
ps2013,42,5,15,samples/sample_audio_statistics_output/2016/03/08/2016030816181632.txt
ps2013,42,9,202,samples/sample_audio_statistics_output/2016/03/22/2016032216281642.txt
ps2013,42,2,161,samples/sample_audio_statistics_output/2016/03/02/2016030211481202.txt
ps2017,2,1,16,samples/sample_audio_statistics_output/2017/11/28/2017112819181932.txt
ps2013,42,6,160,samples/sample_audio_statistics_output/2016/03/09/2016030911381152.txt
ps2013,42,7,210,samples/sample_audio_statistics_output/2016/03/10/2016031010581112.txt
ps2013,42,5,9,samples/sample_audio_statistics_output/2016/03/08/2016030815381552.txt
ps2013,42,3,224,samples/sample_audio_statistics_output/2016/03/03/2016030314381452.txt
ps2013,42,8,67,samples/sample_audio_statistics_output/2016/03/11/2016031113281342.txt
ps2013,42,7,224,samples/sample_audio_statistics_output/2016/03/10/2016031015281542.txt
ps2013,42,2,151,samples/sample_audio_statistics_output/2016/03/02/2016030211281142.txt
ps2017,2,1,9,samples/sample_audio_statistics_output/2017/11/28/2017112818281842.txt
ps2013,42,2,31,samples/sample_audio_statistics_output/2016/03/02/2016030215281542.txt
ps2013,42,1,8,samples/sample_audio_statistics_output/2016/03/01/2016030117481802.txt
ps2013,42,9,17,samples/sample_audio_statistics_output/2016/03/22/2016032214481502.txt
ps2013,42,5,15,samples/sample_audio_statistics_output/2016/03/08/2016030815581612.txt
ps2013,42,10,172,samples/sample_audio_statistics_output/2016/03/23/2016032311281142.txt
ps2013,42,6,155,samples/sample_audio_statistics_output/2016/03/09/2016030910281042.txt
ps2013,42,4,163,samples/sample_audio_statistics_output/2016/03/04/2016030412581312.txt
ps2013,42,10,153,samples/sample_audio_statistics_output/2016/03/23/2016032310381052.txt
ps2013,42,1,1,samples/sample_audio_statistics_output/2016/03/01/2016030115081522.txt
ps2013,42,6,43,samples/sample_audio_statistics_output/2016/03/09/2016030918381852.txt
ps2017,2,1,10,samples/sample_audio_statistics_output/2017/11/28/2017112818281842.txt
ps2013,42,7,224,samples/sample_audio_statistics_output/2016/03/10/2016031014281442.txt
ps2013,42,2,149,samples/sample_audio_statistics_output/2016/03/02/2016030209581012.txt
ps2013,42,5,15,samples/sample_audio_statistics_output/2016/03/08/2016030817081722.txt
ps2013,42,3,223,samples/sample_audio_statistics_output/2016/03/03/2016030309080922.txt
ps2013,42,2,149,samples/sample_audio_statistics_output/2016/03/02/2016030209080922.txt
ps2013,42,7,132,samples/sample_audio_statistics_output/2016/03/10/2016031009280942.txt
ps2013,42,2,124,samples/sample_audio_statistics_output/2016/03/02/2016030218381852.txt
ps2017,2,1,7,samples/sample_audio_statistics_output/2017/11/28/2017112817481802.txt
ps2013,42,3,224,samples/sample_audio_statistics_output/2016/03/03/2016030315081522.txt
ps2017,2,1,990,samples/sample_audio_statistics_output/2017/11/28/2017112814081422.txt
ps2013,42,7,142,samples/sample_audio_statistics_output/2016/03/10/2016031008580912.txt
ps2013,42,1,7,samples/sample_audio_statistics_output/2016/03/01/2016030116381652.txt
ps2013,42,3,223,samples/sample_audio_statistics_output/2016/03/03/2016030309180932.txt
ps2013,42,6,41,samples/sample_audio_statistics_output/2016/03/09/2016030917581812.txt
ps2013,42,6,160,samples/sample_audio_statistics_output/2016/03/09/2016030911081122.txt
ps2013,42,6,158,samples/sample_audio_statistics_output/2016/03/09/2016030910081022.txt
ps2013,42,7,213,samples/sample_audio_statistics_output/2016/03/10/2016031011381152.txt
ps2013,42,4,163,samples/sample_audio_statistics_output/2016/03/04/2016030411081122.txt
ps2013,42,3,224,samples/sample_audio_statistics_output/2016/03/03/2016030316081622.txt
ps2013,42,1,4,samples/sample_audio_statistics_output/2016/03/01/2016030115381552.txt
ps2013,42,7,135,samples/sample_audio_statistics_output/2016/03/10/2016031009481002.txt
ps2017,2,1,7,samples/sample_audio_statistics_output/2017/11/28/2017112817381752.txt
ps2013,42,1,0,samples/sample_audio_statistics_output/2016/03/01/2016030114181432.txt
ps2013,42,6,160,samples/sample_audio_statistics_output/2016/03/09/2016030913081322.txt
ps2017,2,1,16,samples/sample_audio_statistics_output/2017/11/28/2017112819281942.txt
ps2013,42,9,202,samples/sample_audio_statistics_output/2016/03/22/2016032218481902.txt
ps2013,42,7,224,samples/sample_audio_statistics_output/2016/03/10/2016031016081622.txt
ps2013,42,1,0,samples/sample_audio_statistics_output/2016/03/01/2016030114081422.txt
ps2013,42,2,0,samples/sample_audio_statistics_output/2016/03/02/2016030208580912.txt
ps2013,42,5,0,samples/sample_audio_statistics_output/2016/03/08/2016030815081522.txt
ps2013,42,4,163,samples/sample_audio_statistics_output/2016/03/04/2016030411181132.txt
ps2013,42,7,215,samples/sample_audio_statistics_output/2016/03/10/2016031012481302.txt
ps2013,42,10,52,samples/sample_audio_statistics_output/2016/03/23/2016032313381352.txt
ps2013,42,7,212,samples/sample_audio_statistics_output/2016/03/10/2016031011081122.txt
ps2013,42,2,61,samples/sample_audio_statistics_output/2016/03/02/2016030216481702.txt
ps2013,42,2,62,samples/sample_audio_statistics_output/2016/03/02/2016030217281742.txt
ps2013,42,3,217,samples/sample_audio_statistics_output/2016/03/03/2016030311181132.txt
ps2013,42,6,160,samples/sample_audio_statistics_output/2016/03/09/2016030910481102.txt
ps2013,42,7,212,samples/sample_audio_statistics_output/2016/03/10/2016031011181132.txt
ps2013,42,9,202,samples/sample_audio_statistics_output/2016/03/22/2016032216081622.txt
ps2013,42,2,31,samples/sample_audio_statistics_output/2016/03/02/2016030215381552.txt
ps2017,2,1,9,samples/sample_audio_statistics_output/2017/11/28/2017112818181832.txt
ps2013,42,3,224,samples/sample_audio_statistics_output/2016/03/03/2016030317081722.txt
ps2017,2,1,5,samples/sample_audio_statistics_output/2017/11/28/2017112817081722.txt
ps2013,42,10,153,samples/sample_audio_statistics_output/2016/03/23/2016032309380952.txt
ps2013,42,1,2,samples/sample_audio_statistics_output/2016/03/01/2016030115281542.txt
ps2013,42,2,124,samples/sample_audio_statistics_output/2016/03/02/2016030218481902.txt
ps2013,42,5,0,samples/sample_audio_statistics_output/2016/03/08/2016030814181432.txt
ps2013,42,3,141,samples/sample_audio_statistics_output/2016/03/03/2016030311181132.txt
ps2017,2,1,11,samples/sample_audio_statistics_output/2017/11/28/2017112818381852.txt
ps2013,42,3,77,samples/sample_audio_statistics_output/2016/03/03/2016030311581212.txt
ps2013,42,5,15,samples/sample_audio_statistics_output/2016/03/08/2016030818381852.txt
ps2013,42,8,67,samples/sample_audio_statistics_output/2016/03/11/2016031112281242.txt
ps2013,42,2,165,samples/sample_audio_statistics_output/2016/03/02/2016030212281242.txt
ps2013,42,1,7,samples/sample_audio_statistics_output/2016/03/01/2016030117281742.txt
ps2013,42,2,61,samples/sample_audio_statistics_output/2016/03/02/2016030215381552.txt
ps2013,42,6,160,samples/sample_audio_statistics_output/2016/03/09/2016030913381352.txt
ps2013,42,3,223,samples/sample_audio_statistics_output/2016/03/03/2016030308580912.txt
ps2013,42,5,15,samples/sample_audio_statistics_output/2016/03/08/2016030817281742.txt
ps2013,42,2,61,samples/sample_audio_statistics_output/2016/03/02/2016030216181632.txt
ps2013,42,2,149,samples/sample_audio_statistics_output/2016/03/02/2016030209180932.txt
ps2013,42,7,138,samples/sample_audio_statistics_output/2016/03/10/2016031009581012.txt
ps2013,42,4,163,samples/sample_audio_statistics_output/2016/03/04/2016030413181332.txt
ps2013,42,2,149,samples/sample_audio_statistics_output/2016/03/02/2016030210181032.txt
ps2013,42,2,165,samples/sample_audio_statistics_output/2016/03/02/2016030212181232.txt
ps2017,2,1,15,samples/sample_audio_statistics_output/2017/11/28/2017112819081922.txt
ps2013,42,6,37,samples/sample_audio_statistics_output/2016/03/09/2016030917081722.txt
ps2013,42,10,154,samples/sample_audio_statistics_output/2016/03/23/2016032311081122.txt
ps2013,42,9,17,samples/sample_audio_statistics_output/2016/03/22/2016032215081522.txt
ps2017,2,2,33,samples/sample_audio_statistics_output/2017/11/30/2017113010581112.txt
ps2013,42,6,160,samples/sample_audio_statistics_output/2016/03/09/2016030912481302.txt
ps2013,42,6,51,samples/sample_audio_statistics_output/2016/03/09/2016030915381552.txt
ps2013,42,8,166,samples/sample_audio_statistics_output/2016/03/11/2016031109280942.txt
ps2013,42,7,143,samples/sample_audio_statistics_output/2016/03/10/2016031009080922.txt
ps2013,42,9,202,samples/sample_audio_statistics_output/2016/03/22/2016032217081722.txt
ps2013,42,7,224,samples/sample_audio_statistics_output/2016/03/10/2016031016281642.txt
ps2013,42,2,61,samples/sample_audio_statistics_output/2016/03/02/2016030217181732.txt
ps2013,42,6,38,samples/sample_audio_statistics_output/2016/03/09/2016030917281742.txt
ps2013,42,4,163,samples/sample_audio_statistics_output/2016/03/04/2016030410181032.txt
ps2013,42,7,214,samples/sample_audio_statistics_output/2016/03/10/2016031012381252.txt
ps2013,42,2,157,samples/sample_audio_statistics_output/2016/03/02/2016030212581312.txt
ps2013,42,8,18,samples/sample_audio_statistics_output/2016/03/11/2016031110081022.txt
ps2013,42,9,202,samples/sample_audio_statistics_output/2016/03/22/2016032216381652.txt
ps2013,42,10,0,samples/sample_audio_statistics_output/2016/03/23/2016032309180932.txt
ps2017,2,1,13,samples/sample_audio_statistics_output/2017/11/28/2017112818581912.txt
ps2013,42,1,6,samples/sample_audio_statistics_output/2016/03/01/2016030116281642.txt
ps2013,42,6,10,samples/sample_audio_statistics_output/2016/03/09/2016030916481702.txt
ps2013,42,1,4,samples/sample_audio_statistics_output/2016/03/01/2016030115581612.txt
ps2013,42,2,31,samples/sample_audio_statistics_output/2016/03/02/2016030214281442.txt
ps2013,42,3,77,samples/sample_audio_statistics_output/2016/03/03/2016030312081222.txt
ps2013,42,5,15,samples/sample_audio_statistics_output/2016/03/08/2016030816481702.txt
ps2013,42,1,7,samples/sample_audio_statistics_output/2016/03/01/2016030117081722.txt
ps2013,42,1,5,samples/sample_audio_statistics_output/2016/03/01/2016030116181632.txt
ps2013,42,9,202,samples/sample_audio_statistics_output/2016/03/22/2016032218381852.txt
ps2013,42,6,160,samples/sample_audio_statistics_output/2016/03/09/2016030911281142.txt
ps2013,42,3,77,samples/sample_audio_statistics_output/2016/03/03/2016030312181232.txt
ps2013,42,9,202,samples/sample_audio_statistics_output/2016/03/22/2016032216181632.txt
ps2013,42,2,149,samples/sample_audio_statistics_output/2016/03/02/2016030210381052.txt
ps2013,42,7,224,samples/sample_audio_statistics_output/2016/03/10/2016031015181532.txt
ps2013,42,1,1,samples/sample_audio_statistics_output/2016/03/01/2016030114481502.txt
ps2013,42,1,7,samples/sample_audio_statistics_output/2016/03/01/2016030117381752.txt
ps2013,42,2,157,samples/sample_audio_statistics_output/2016/03/02/2016030214281442.txt
ps2013,42,7,145,samples/sample_audio_statistics_output/2016/03/10/2016031009080922.txt
ps2013,42,3,224,samples/sample_audio_statistics_output/2016/03/03/2016030314281442.txt
ps2013,42,9,225,samples/sample_audio_statistics_output/2016/03/22/2016032214281442.txt
ps2013,42,5,0,samples/sample_audio_statistics_output/2016/03/08/2016030815281542.txt
ps2013,42,4,163,samples/sample_audio_statistics_output/2016/03/04/2016030412381252.txt
ps2013,42,10,0,samples/sample_audio_statistics_output/2016/03/23/2016032308580912.txt
ps2013,42,10,172,samples/sample_audio_statistics_output/2016/03/23/2016032311181132.txt
ps2013,42,2,31,samples/sample_audio_statistics_output/2016/03/02/2016030215081522.txt
ps2013,42,9,0,samples/sample_audio_statistics_output/2016/03/22/2016032214081422.txt
ps2013,42,10,172,samples/sample_audio_statistics_output/2016/03/23/2016032311581212.txt
ps2013,42,9,202,samples/sample_audio_statistics_output/2016/03/22/2016032216581712.txt
ps2013,42,8,18,samples/sample_audio_statistics_output/2016/03/11/2016031110381052.txt
ps2013,42,8,20,samples/sample_audio_statistics_output/2016/03/11/2016031109380952.txt
ps2013,42,2,61,samples/sample_audio_statistics_output/2016/03/02/2016030216581712.txt
ps2013,42,3,224,samples/sample_audio_statistics_output/2016/03/03/2016030317381752.txt
ps2013,42,1,0,samples/sample_audio_statistics_output/2016/03/01/2016030114281442.txt
ps2013,42,6,37,samples/sample_audio_statistics_output/2016/03/09/2016030917181732.txt
ps2013,42,5,15,samples/sample_audio_statistics_output/2016/03/08/2016030818081822.txt
ps2013,42,8,67,samples/sample_audio_statistics_output/2016/03/11/2016031113381352.txt
ps2013,42,8,67,samples/sample_audio_statistics_output/2016/03/11/2016031113181332.txt
ps2013,42,2,31,samples/sample_audio_statistics_output/2016/03/02/2016030214481502.txt
ps2013,42,6,73,samples/sample_audio_statistics_output/2016/03/09/2016030915381552.txt
ps2013,42,6,10,samples/sample_audio_statistics_output/2016/03/09/2016030916581712.txt
ps2013,42,4,163,samples/sample_audio_statistics_output/2016/03/04/2016030409380952.txt
ps2013,42,6,41,samples/sample_audio_statistics_output/2016/03/09/2016030918081822.txt
ps2013,42,6,163,samples/sample_audio_statistics_output/2016/03/09/2016030908580912.txt
ps2013,42,7,208,samples/sample_audio_statistics_output/2016/03/10/2016031010581112.txt
ps2013,42,6,160,samples/sample_audio_statistics_output/2016/03/09/2016030911481202.txt
ps2013,42,5,15,samples/sample_audio_statistics_output/2016/03/08/2016030817481802.txt
ps2013,42,7,213,samples/sample_audio_statistics_output/2016/03/10/2016031012281242.txt
ps2017,2,2,31,samples/sample_audio_statistics_output/2017/11/30/2017113009280942.txt
ps2017,2,1,1,samples/sample_audio_statistics_output/2017/11/28/2017112814081422.txt
ps2013,42,4,163,samples/sample_audio_statistics_output/2016/03/04/2016030412481302.txt
ps2013,42,6,163,samples/sample_audio_statistics_output/2016/03/09/2016030909080922.txt
ps2013,42,10,154,samples/sample_audio_statistics_output/2016/03/23/2016032311181132.txt
ps2017,2,2,18,samples/sample_audio_statistics_output/2017/11/30/2017113009080922.txt
ps2013,42,7,224,samples/sample_audio_statistics_output/2016/03/10/2016031015381552.txt
ps2013,42,10,173,samples/sample_audio_statistics_output/2016/03/23/2016032312081222.txt
ps2013,42,6,41,samples/sample_audio_statistics_output/2016/03/09/2016030918381852.txt
ps2013,42,2,124,samples/sample_audio_statistics_output/2016/03/02/2016030217381752.txt
ps2013,42,4,163,samples/sample_audio_statistics_output/2016/03/04/2016030409080922.txt
ps2013,42,7,213,samples/sample_audio_statistics_output/2016/03/10/2016031011481202.txt
ps2013,42,6,160,samples/sample_audio_statistics_output/2016/03/09/2016030912081222.txt
ps2013,42,2,165,samples/sample_audio_statistics_output/2016/03/02/2016030212481302.txt
ps2013,42,8,152,samples/sample_audio_statistics_output/2016/03/11/2016031109180932.txt
ps2013,42,6,51,samples/sample_audio_statistics_output/2016/03/09/2016030915481602.txt
ps2013,42,3,224,samples/sample_audio_statistics_output/2016/03/03/2016030315381552.txt
ps2017,2,1,1,samples/sample_audio_statistics_output/2017/11/28/2017112814381452.txt
ps2013,42,2,151,samples/sample_audio_statistics_output/2016/03/02/2016030210481102.txt
ps2013,42,10,173,samples/sample_audio_statistics_output/2016/03/23/2016032312281242.txt
ps2013,42,8,67,samples/sample_audio_statistics_output/2016/03/11/2016031111081122.txt
ps2013,42,6,155,samples/sample_audio_statistics_output/2016/03/09/2016030910181032.txt
ps2013,42,1,2,samples/sample_audio_statistics_output/2016/03/01/2016030115381552.txt
ps2013,42,5,0,samples/sample_audio_statistics_output/2016/03/08/2016030814081422.txt
ps2013,42,10,53,samples/sample_audio_statistics_output/2016/03/23/2016032313381352.txt
ps2013,42,6,156,samples/sample_audio_statistics_output/2016/03/09/2016030910281042.txt
ps2013,42,3,224,samples/sample_audio_statistics_output/2016/03/03/2016030317181732.txt
ps2017,2,1,5,samples/sample_audio_statistics_output/2017/11/28/2017112817381752.txt
ps2013,42,3,224,samples/sample_audio_statistics_output/2016/03/03/2016030316481702.txt
ps2013,42,2,149,samples/sample_audio_statistics_output/2016/03/02/2016030209481002.txt
ps2013,42,3,224,samples/sample_audio_statistics_output/2016/03/03/2016030315281542.txt
ps2017,2,1,3,samples/sample_audio_statistics_output/2017/11/28/2017112816581712.txt
ps2013,42,3,224,samples/sample_audio_statistics_output/2016/03/03/2016030316381652.txt
ps2013,42,7,224,samples/sample_audio_statistics_output/2016/03/10/2016031015481602.txt
ps2013,42,8,67,samples/sample_audio_statistics_output/2016/03/11/2016031111481202.txt
ps2013,42,6,39,samples/sample_audio_statistics_output/2016/03/09/2016030917381752.txt
ps2013,42,7,224,samples/sample_audio_statistics_output/2016/03/10/2016031014581512.txt
ps2013,42,6,51,samples/sample_audio_statistics_output/2016/03/09/2016030915581612.txt
ps2017,2,1,13,samples/sample_audio_statistics_output/2017/11/28/2017112818481902.txt
ps2013,42,6,158,samples/sample_audio_statistics_output/2016/03/09/2016030909481002.txt
ps2013,42,2,162,samples/sample_audio_statistics_output/2016/03/02/2016030211481202.txt
ps2013,42,3,224,samples/sample_audio_statistics_output/2016/03/03/2016030316281642.txt
ps2013,42,1,7,samples/sample_audio_statistics_output/2016/03/01/2016030116481702.txt
ps2013,42,6,158,samples/sample_audio_statistics_output/2016/03/09/2016030909280942.txt
ps2013,42,7,211,samples/sample_audio_statistics_output/2016/03/10/2016031010581112.txt
ps2013,42,1,1,samples/sample_audio_statistics_output/2016/03/01/2016030114581512.txt
ps2013,42,6,51,samples/sample_audio_statistics_output/2016/03/09/2016030916181632.txt
ps2013,42,3,224,samples/sample_audio_statistics_output/2016/03/03/2016030316581712.txt
ps2013,42,8,67,samples/sample_audio_statistics_output/2016/03/11/2016031111581212.txt
ps2013,42,4,163,samples/sample_audio_statistics_output/2016/03/04/2016030409180932.txt
ps2013,42,6,51,samples/sample_audio_statistics_output/2016/03/09/2016030916281642.txt
ps2013,42,3,146,samples/sample_audio_statistics_output/2016/03/03/2016030312281242.txt
ps2013,42,10,154,samples/sample_audio_statistics_output/2016/03/23/2016032310381052.txt
ps2013,42,1,0,samples/sample_audio_statistics_output/2016/03/01/2016030114381452.txt
ps2017,2,1,2,samples/sample_audio_statistics_output/2017/11/28/2017112815081522.txt
ps2013,42,5,0,samples/sample_audio_statistics_output/2016/03/08/2016030814281442.txt
ps2013,42,3,224,samples/sample_audio_statistics_output/2016/03/03/2016030314581512.txt
ps2017,2,1,8,samples/sample_audio_statistics_output/2017/11/28/2017112818181832.txt
ps2013,42,2,61,samples/sample_audio_statistics_output/2016/03/02/2016030216281642.txt
ps2013,42,10,154,samples/sample_audio_statistics_output/2016/03/23/2016032310481102.txt
ps2013,42,7,133,samples/sample_audio_statistics_output/2016/03/10/2016031009280942.txt
ps2013,42,2,157,samples/sample_audio_statistics_output/2016/03/02/2016030212481302.txt
ps2017,2,1,8,samples/sample_audio_statistics_output/2017/11/28/2017112817481802.txt
ps2013,42,2,161,samples/sample_audio_statistics_output/2016/03/02/2016030211381152.txt
ps2013,42,7,206,samples/sample_audio_statistics_output/2016/03/10/2016031010281042.txt
ps2017,2,1,8,samples/sample_audio_statistics_output/2017/11/28/2017112818081822.txt
ps2013,42,7,145,samples/sample_audio_statistics_output/2016/03/10/2016031009180932.txt
ps2013,42,3,224,samples/sample_audio_statistics_output/2016/03/03/2016030315481602.txt
ps2013,42,7,136,samples/sample_audio_statistics_output/2016/03/10/2016031009581012.txt
ps2013,42,8,18,samples/sample_audio_statistics_output/2016/03/11/2016031110481102.txt
ps2013,42,6,160,samples/sample_audio_statistics_output/2016/03/09/2016030912281242.txt
ps2013,42,3,223,samples/sample_audio_statistics_output/2016/03/03/2016030310581112.txt
ps2013,42,7,224,samples/sample_audio_statistics_output/2016/03/10/2016031014481502.txt
ps2013,42,2,151,samples/sample_audio_statistics_output/2016/03/02/2016030210581112.txt
ps2013,42,3,0,samples/sample_audio_statistics_output/2016/03/03/2016030308580912.txt
ps2013,42,8,67,samples/sample_audio_statistics_output/2016/03/11/2016031111181132.txt
ps2013,42,6,158,samples/sample_audio_statistics_output/2016/03/09/2016030910181032.txt
ps2013,42,10,52,samples/sample_audio_statistics_output/2016/03/23/2016032313081322.txt
ps2013,42,1,5,samples/sample_audio_statistics_output/2016/03/01/2016030116081622.txt
ps2013,42,5,15,samples/sample_audio_statistics_output/2016/03/08/2016030816281642.txt
ps2017,2,1,17,samples/sample_audio_statistics_output/2017/11/28/2017112819281942.txt
ps2013,42,7,224,samples/sample_audio_statistics_output/2016/03/10/2016031014381452.txt
ps2013,42,7,224,samples/sample_audio_statistics_output/2016/03/10/2016031016181632.txt
ps2013,42,4,163,samples/sample_audio_statistics_output/2016/03/04/2016030410481102.txt
ps2013,42,1,0,samples/sample_audio_statistics_output/2016/03/01/2016030113581412.txt
ps2013,42,9,17,samples/sample_audio_statistics_output/2016/03/22/2016032215281542.txt
ps2013,42,9,202,samples/sample_audio_statistics_output/2016/03/22/2016032215581612.txt
ps2013,42,7,208,samples/sample_audio_statistics_output/2016/03/10/2016031010481102.txt
ps2013,42,2,124,samples/sample_audio_statistics_output/2016/03/02/2016030218281842.txt
ps2013,42,2,149,samples/sample_audio_statistics_output/2016/03/02/2016030209280942.txt
ps2013,42,8,18,samples/sample_audio_statistics_output/2016/03/11/2016031110281042.txt
ps2013,42,7,133,samples/sample_audio_statistics_output/2016/03/10/2016031009380952.txt
ps2013,42,8,18,samples/sample_audio_statistics_output/2016/03/11/2016031109581012.txt
ps2013,42,8,67,samples/sample_audio_statistics_output/2016/03/11/2016031113081322.txt
ps2013,42,2,149,samples/sample_audio_statistics_output/2016/03/02/2016030210281042.txt
ps2013,42,7,212,samples/sample_audio_statistics_output/2016/03/10/2016031011281142.txt
ps2013,42,6,163,samples/sample_audio_statistics_output/2016/03/09/2016030909180932.txt
ps2013,42,4,163,samples/sample_audio_statistics_output/2016/03/04/2016030410081022.txt
ps2013,42,8,152,samples/sample_audio_statistics_output/2016/03/11/2016031109080922.txt
ps2013,42,8,166,samples/sample_audio_statistics_output/2016/03/11/2016031109180932.txt
ps2013,42,8,0,samples/sample_audio_statistics_output/2016/03/11/2016031108580912.txt
ps2013,42,3,224,samples/sample_audio_statistics_output/2016/03/03/2016030314481502.txt
ps2017,2,2,31,samples/sample_audio_statistics_output/2017/11/30/2017113009380952.txt
ps2013,42,4,163,samples/sample_audio_statistics_output/2016/03/04/2016030413081322.txt
ps2017,2,1,12,samples/sample_audio_statistics_output/2017/11/28/2017112818381852.txt
ps2013,42,4,163,samples/sample_audio_statistics_output/2016/03/04/2016030412281242.txt
ps2017,2,1,14,samples/sample_audio_statistics_output/2017/11/28/2017112818581912.txt
ps2013,42,2,62,samples/sample_audio_statistics_output/2016/03/02/2016030217381752.txt
ps2013,42,8,67,samples/sample_audio_statistics_output/2016/03/11/2016031111381152.txt
ps2013,42,6,43,samples/sample_audio_statistics_output/2016/03/09/2016030918481902.txt
ps2013,42,9,202,samples/sample_audio_statistics_output/2016/03/22/2016032218281842.txt
ps2013,42,8,18,samples/sample_audio_statistics_output/2016/03/11/2016031110181032.txt
ps2013,42,6,40,samples/sample_audio_statistics_output/2016/03/09/2016030917481802.txt
ps2013,42,5,15,samples/sample_audio_statistics_output/2016/03/08/2016030817581812.txt
ps2013,42,2,149,samples/sample_audio_statistics_output/2016/03/02/2016030210081022.txt
ps2017,2,2,18,samples/sample_audio_statistics_output/2017/11/30/2017113009280942.txt
ps2013,42,4,163,samples/sample_audio_statistics_output/2016/03/04/2016030413281342.txt
ps2013,42,7,206,samples/sample_audio_statistics_output/2016/03/10/2016031010181032.txt
ps2013,42,5,15,samples/sample_audio_statistics_output/2016/03/08/2016030818281842.txt
ps2013,42,10,173,samples/sample_audio_statistics_output/2016/03/23/2016032312181232.txt
ps2013,42,5,0,samples/sample_audio_statistics_output/2016/03/08/2016030814481502.txt
ps2013,42,6,51,samples/sample_audio_statistics_output/2016/03/09/2016030916081622.txt
ps2013,42,9,221,samples/sample_audio_statistics_output/2016/03/22/2016032214381452.txt
ps2013,42,1,7,samples/sample_audio_statistics_output/2016/03/01/2016030117181732.txt
ps2013,42,2,31,samples/sample_audio_statistics_output/2016/03/02/2016030214581512.txt
ps2013,42,2,31,samples/sample_audio_statistics_output/2016/03/02/2016030214381452.txt
ps2013,42,7,224,samples/sample_audio_statistics_output/2016/03/10/2016031015081522.txt
ps2013,42,2,31,samples/sample_audio_statistics_output/2016/03/02/2016030215181532.txt
ps2013,42,7,224,samples/sample_audio_statistics_output/2016/03/10/2016031015581612.txt
ps2013,42,5,0,samples/sample_audio_statistics_output/2016/03/08/2016030813581412.txt
ps2013,42,8,18,samples/sample_audio_statistics_output/2016/03/11/2016031109380952.txt
ps2013,42,7,209,samples/sample_audio_statistics_output/2016/03/10/2016031010581112.txt
ps2013,42,2,61,samples/sample_audio_statistics_output/2016/03/02/2016030216081622.txt
ps2013,42,7,214,samples/sample_audio_statistics_output/2016/03/10/2016031012281242.txt
ps2013,42,3,146,samples/sample_audio_statistics_output/2016/03/03/2016030314281442.txt
ps2013,42,7,215,samples/sample_audio_statistics_output/2016/03/10/2016031012381252.txt
ps2017,2,1,1,samples/sample_audio_statistics_output/2017/11/28/2017112814581512.txt
ps2013,42,7,131,samples/sample_audio_statistics_output/2016/03/10/2016031009581012.txt
ps2013,42,4,163,samples/sample_audio_statistics_output/2016/03/04/2016030409280942.txt
ps2013,42,10,44,samples/sample_audio_statistics_output/2016/03/23/2016032313481402.txt
ps2013,42,10,153,samples/sample_audio_statistics_output/2016/03/23/2016032309581012.txt
ps2013,42,1,7,samples/sample_audio_statistics_output/2016/03/01/2016030117481802.txt
ps2013,42,6,160,samples/sample_audio_statistics_output/2016/03/09/2016030913181332.txt
ps2013,42,5,15,samples/sample_audio_statistics_output/2016/03/08/2016030817181732.txt
ps2013,42,1,5,samples/sample_audio_statistics_output/2016/03/01/2016030115581612.txt
ps2017,2,2,33,samples/sample_audio_statistics_output/2017/11/30/2017113009380952.txt
ps2013,42,1,2,samples/sample_audio_statistics_output/2016/03/01/2016030115181532.txt
ps2013,42,6,42,samples/sample_audio_statistics_output/2016/03/09/2016030918381852.txt
ps2013,42,2,151,samples/sample_audio_statistics_output/2016/03/02/2016030211081122.txt
ps2013,42,4,163,samples/sample_audio_statistics_output/2016/03/04/2016030411381152.txt
ps2013,42,3,224,samples/sample_audio_statistics_output/2016/03/03/2016030315581612.txt
ps2013,42,6,160,samples/sample_audio_statistics_output/2016/03/09/2016030911181132.txt
ps2013,42,3,223,samples/sample_audio_statistics_output/2016/03/03/2016030309280942.txt
ps2013,42,9,0,samples/sample_audio_statistics_output/2016/03/22/2016032214181432.txt
ps2017,2,2,18,samples/sample_audio_statistics_output/2017/11/30/2017113008580912.txt
ps2013,42,6,41,samples/sample_audio_statistics_output/2016/03/09/2016030918181832.txt
ps2013,42,3,140,samples/sample_audio_statistics_output/2016/03/03/2016030311081122.txt
ps2013,42,10,52,samples/sample_audio_statistics_output/2016/03/23/2016032313481402.txt
ps2013,42,7,213,samples/sample_audio_statistics_output/2016/03/10/2016031012081222.txt
ps2013,42,6,160,samples/sample_audio_statistics_output/2016/03/09/2016030910581112.txt
ps2017,2,1,15,samples/sample_audio_statistics_output/2017/11/28/2017112819181932.txt
ps2013,42,2,150,samples/sample_audio_statistics_output/2016/03/02/2016030210381052.txt
ps2013,42,6,41,samples/sample_audio_statistics_output/2016/03/09/2016030917481802.txt
ps2013,42,3,146,samples/sample_audio_statistics_output/2016/03/03/2016030312181232.txt
ps2013,42,6,156,samples/sample_audio_statistics_output/2016/03/09/2016030910481102.txt
ps2013,42,2,61,samples/sample_audio_statistics_output/2016/03/02/2016030215481602.txt
ps2017,2,1,1,samples/sample_audio_statistics_output/2017/11/28/2017112814181432.txt
ps2013,42,2,124,samples/sample_audio_statistics_output/2016/03/02/2016030217481802.txt
ps2013,42,6,14,samples/sample_audio_statistics_output/2016/03/09/2016030916481702.txt
ps2013,42,7,134,samples/sample_audio_statistics_output/2016/03/10/2016031009481002.txt
ps2013,42,10,173,samples/sample_audio_statistics_output/2016/03/23/2016032312381252.txt
ps2013,42,3,217,samples/sample_audio_statistics_output/2016/03/03/2016030311481202.txt
ps2017,2,1,6,samples/sample_audio_statistics_output/2017/11/28/2017112817381752.txt
ps2013,42,10,173,samples/sample_audio_statistics_output/2016/03/23/2016032312581312.txt
ps2013,42,5,0,samples/sample_audio_statistics_output/2016/03/08/2016030815181532.txt
ps2013,42,2,165,samples/sample_audio_statistics_output/2016/03/02/2016030212081222.txt
ps2013,42,3,217,samples/sample_audio_statistics_output/2016/03/03/2016030311581212.txt
ps2017,2,1,2,samples/sample_audio_statistics_output/2017/11/28/2017112815181532.txt
ps2013,42,6,160,samples/sample_audio_statistics_output/2016/03/09/2016030915281542.txt
ps2013,42,10,0,samples/sample_audio_statistics_output/2016/03/23/2016032309080922.txt
ps2013,42,6,156,samples/sample_audio_statistics_output/2016/03/09/2016030910381052.txt
ps2013,42,5,15,samples/sample_audio_statistics_output/2016/03/08/2016030817381752.txt
ps2013,42,3,148,samples/sample_audio_statistics_output/2016/03/03/2016030311181132.txt
ps2013,42,2,151,samples/sample_audio_statistics_output/2016/03/02/2016030211181132.txt
ps2013,42,9,202,samples/sample_audio_statistics_output/2016/03/22/2016032218181832.txt
ps2013,42,9,0,samples/sample_audio_statistics_output/2016/03/22/2016032213581412.txt
ps2013,42,6,0,samples/sample_audio_statistics_output/2016/03/09/2016030908580912.txt
ps2013,42,4,163,samples/sample_audio_statistics_output/2016/03/04/2016030409481002.txt
ps2013,42,2,61,samples/sample_audio_statistics_output/2016/03/02/2016030217281742.txt
ps2013,42,2,159,samples/sample_audio_statistics_output/2016/03/02/2016030211381152.txt
ps2013,42,2,162,samples/sample_audio_statistics_output/2016/03/02/2016030211581212.txt
ps2013,42,7,132,samples/sample_audio_statistics_output/2016/03/10/2016031009180932.txt
ps2017,2,1,11,samples/sample_audio_statistics_output/2017/11/28/2017112818281842.txt
ps2013,42,6,73,samples/sample_audio_statistics_output/2016/03/09/2016030915281542.txt
ps2013,42,9,17,samples/sample_audio_statistics_output/2016/03/22/2016032215381552.txt
ps2013,42,9,202,samples/sample_audio_statistics_output/2016/03/22/2016032217281742.txt
ps2013,42,6,160,samples/sample_audio_statistics_output/2016/03/09/2016030912181232.txt
ps2013,42,8,67,samples/sample_audio_statistics_output/2016/03/11/2016031112081222.txt
ps2013,42,5,15,samples/sample_audio_statistics_output/2016/03/08/2016030816081622.txt
ps2013,42,4,163,samples/sample_audio_statistics_output/2016/03/04/2016030410581112.txt
ps2013,42,6,160,samples/sample_audio_statistics_output/2016/03/09/2016030912581312.txt
ps2013,42,3,217,samples/sample_audio_statistics_output/2016/03/03/2016030311381152.txt
ps2013,42,4,163,samples/sample_audio_statistics_output/2016/03/04/2016030410281042.txt
ps2013,42,1,3,samples/sample_audio_statistics_output/2016/03/01/2016030115381552.txt
ps2013,42,8,67,samples/sample_audio_statistics_output/2016/03/11/2016031112381252.txt
ps2013,42,2,124,samples/sample_audio_statistics_output/2016/03/02/2016030218081822.txt
ps2017,2,1,4,samples/sample_audio_statistics_output/2017/11/28/2017112817081722.txt
ps2013,42,1,6,samples/sample_audio_statistics_output/2016/03/01/2016030116381652.txt
ps2013,42,7,215,samples/sample_audio_statistics_output/2016/03/10/2016031014281442.txt
ps2013,42,7,139,samples/sample_audio_statistics_output/2016/03/10/2016031010081022.txt
ps2013,42,9,221,samples/sample_audio_statistics_output/2016/03/22/2016032214481502.txt
ps2013,42,6,158,samples/sample_audio_statistics_output/2016/03/09/2016030909180932.txt
ps2017,2,1,0,samples/sample_audio_statistics_output/2017/11/28/2017112813581412.txt
ps2013,42,4,163,samples/sample_audio_statistics_output/2016/03/04/2016030413381352.txt
ps2013,42,4,163,samples/sample_audio_statistics_output/2016/03/04/2016030410381052.txt
ps2013,42,3,224,samples/sample_audio_statistics_output/2016/03/03/2016030317281742.txt
ps2013,42,7,136,samples/sample_audio_statistics_output/2016/03/10/2016031009481002.txt
ps2013,42,9,202,samples/sample_audio_statistics_output/2016/03/22/2016032218581912.txt
ps2013,42,2,165,samples/sample_audio_statistics_output/2016/03/02/2016030211581212.txt
ps2017,2,1,4,samples/sample_audio_statistics_output/2017/11/28/2017112816581712.txt
ps2013,42,7,211,samples/sample_audio_statistics_output/2016/03/10/2016031011081122.txt
ps2013,42,7,206,samples/sample_audio_statistics_output/2016/03/10/2016031010481102.txt
ps2013,42,5,15,samples/sample_audio_statistics_output/2016/03/08/2016030816581712.txt
ps2013,42,6,160,samples/sample_audio_statistics_output/2016/03/09/2016030913481402.txt
ps2013,42,6,40,samples/sample_audio_statistics_output/2016/03/09/2016030917381752.txt
ps2017,2,1,14,samples/sample_audio_statistics_output/2017/11/28/2017112819081922.txt
ps2013,42,2,61,samples/sample_audio_statistics_output/2016/03/02/2016030216381652.txt
ps2013,42,8,166,samples/sample_audio_statistics_output/2016/03/11/2016031109380952.txt
ps2013,42,8,67,samples/sample_audio_statistics_output/2016/03/11/2016031112581312.txt
ps2013,42,7,131,samples/sample_audio_statistics_output/2016/03/10/2016031010081022.txt
ps2013,42,9,202,samples/sample_audio_statistics_output/2016/03/22/2016032216481702.txt
ps2013,42,1,4,samples/sample_audio_statistics_output/2016/03/01/2016030115481602.txt
ps2013,42,10,53,samples/sample_audio_statistics_output/2016/03/23/2016032313281342.txt
ps2013,42,5,15,samples/sample_audio_statistics_output/2016/03/08/2016030818181832.txt
ps2013,42,9,17,samples/sample_audio_statistics_output/2016/03/22/2016032215481602.txt
ps2013,42,4,163,samples/sample_audio_statistics_output/2016/03/04/2016030411281142.txt
ps2013,42,10,153,samples/sample_audio_statistics_output/2016/03/23/2016032309280942.txt
ps2013,42,10,52,samples/sample_audio_statistics_output/2016/03/23/2016032313181332.txt
ps2013,42,2,124,samples/sample_audio_statistics_output/2016/03/02/2016030218181832.txt
ps2013,42,4,163,samples/sample_audio_statistics_output/2016/03/04/2016030413481402.txt
ps2013,42,7,134,samples/sample_audio_statistics_output/2016/03/10/2016031009380952.txt
ps2013,42,9,202,samples/sample_audio_statistics_output/2016/03/22/2016032217581812.txt
ps2017,2,1,2,samples/sample_audio_statistics_output/2017/11/28/2017112815281542.txt
ps2013,42,8,67,samples/sample_audio_statistics_output/2016/03/11/2016031111281142.txt
ps2013,42,8,67,samples/sample_audio_statistics_output/2016/03/11/2016031113581412.txt
ps2013,42,6,14,samples/sample_audio_statistics_output/2016/03/09/2016030916381652.txt
ps2013,42,7,213,samples/sample_audio_statistics_output/2016/03/10/2016031011581212.txt
ps2013,42,6,36,samples/sample_audio_statistics_output/2016/03/09/2016030917081722.txt
ps2013,42,4,163,samples/sample_audio_statistics_output/2016/03/04/2016030409581012.txt
ps2017,2,1,8,samples/sample_audio_statistics_output/2017/11/28/2017112817581812.txt
ps2013,42,10,52,samples/sample_audio_statistics_output/2016/03/23/2016032313281342.txt
ps2013,42,9,221,samples/sample_audio_statistics_output/2016/03/22/2016032214281442.txt
ps2013,42,9,17,samples/sample_audio_statistics_output/2016/03/22/2016032214581512.txt
ps2013,42,6,41,samples/sample_audio_statistics_output/2016/03/09/2016030918281842.txt
ps2013,42,9,202,samples/sample_audio_statistics_output/2016/03/22/2016032217181732.txt
ps2013,42,5,15,samples/sample_audio_statistics_output/2016/03/08/2016030818481902.txt
ps2013,42,9,17,samples/sample_audio_statistics_output/2016/03/22/2016032215581612.txt
ps2013,42,9,17,samples/sample_audio_statistics_output/2016/03/22/2016032215181532.txt
ps2013,42,7,0,samples/sample_audio_statistics_output/2016/03/10/2016031008580912.txt
ps2013,42,2,157,samples/sample_audio_statistics_output/2016/03/02/2016030211581212.txt
ps2013,42,2,149,samples/sample_audio_statistics_output/2016/03/02/2016030209380952.txt
ps2013,42,1,0,samples/sample_audio_statistics_output/2016/03/01/2016030114481502.txt
ps2013,42,9,0,samples/sample_audio_statistics_output/2016/03/22/2016032214281442.txt
ps2013,42,8,67,samples/sample_audio_statistics_output/2016/03/11/2016031113481402.txt
ps2013,42,10,172,samples/sample_audio_statistics_output/2016/03/23/2016032311381152.txt
ps2013,42,9,202,samples/sample_audio_statistics_output/2016/03/22/2016032217381752.txt
ps2013,42,8,18,samples/sample_audio_statistics_output/2016/03/11/2016031110581112.txt
ps2013,42,6,37,samples/sample_audio_statistics_output/2016/03/09/2016030917281742.txt
ps2013,42,3,224,samples/sample_audio_statistics_output/2016/03/03/2016030315181532.txt
ps2013,42,6,14,samples/sample_audio_statistics_output/2016/03/09/2016030916281642.txt
ps2017,2,2,18,samples/sample_audio_statistics_output/2017/11/30/2017113009180932.txt
ps2013,42,5,9,samples/sample_audio_statistics_output/2016/03/08/2016030815481602.txt
ps2013,42,6,158,samples/sample_audio_statistics_output/2016/03/09/2016030909581012.txt
ps2013,42,1,7,samples/sample_audio_statistics_output/2016/03/01/2016030116581712.txt
ps2017,2,1,990,samples/sample_audio_statistics_output/2017/11/28/2017112813581412.txt
ps2013,42,7,137,samples/sample_audio_statistics_output/2016/03/10/2016031009581012.txt
ps2013,42,2,165,samples/sample_audio_statistics_output/2016/03/02/2016030212381252.txt
ps2013,42,4,163,samples/sample_audio_statistics_output/2016/03/04/2016030408580912.txt
ps2017,2,1,5,samples/sample_audio_statistics_output/2017/11/28/2017112817281742.txt
ps2013,42,6,36,samples/sample_audio_statistics_output/2016/03/09/2016030916581712.txt
ps2013,42,10,0,samples/sample_audio_statistics_output/2016/03/23/2016032309280942.txt
ps2013,42,3,217,samples/sample_audio_statistics_output/2016/03/03/2016030311281142.txt
ps2013,42,5,9,samples/sample_audio_statistics_output/2016/03/08/2016030815581612.txt
ps2013,42,4,163,samples/sample_audio_statistics_output/2016/03/04/2016030412181232.txt
ps2017,2,1,2,samples/sample_audio_statistics_output/2017/11/28/2017112814581512.txt
ps2013,42,6,158,samples/sample_audio_statistics_output/2016/03/09/2016030909380952.txt
ps2013,42,7,147,samples/sample_audio_statistics_output/2016/03/10/2016031009180932.txt
ps2013,42,3,144,samples/sample_audio_statistics_output/2016/03/03/2016030312181232.txt
ps2013,42,8,67,samples/sample_audio_statistics_output/2016/03/11/2016031110581112.txt
ps2013,42,5,9,samples/sample_audio_statistics_output/2016/03/08/2016030815281542.txt
ps2013,42,1,6,samples/sample_audio_statistics_output/2016/03/01/2016030116181632.txt
ps2013,42,3,224,samples/sample_audio_statistics_output/2016/03/03/2016030316181632.txt
ps2013,42,10,153,samples/sample_audio_statistics_output/2016/03/23/2016032309481002.txt
ps2013,42,2,61,samples/sample_audio_statistics_output/2016/03/02/2016030215581612.txt
ps2017,2,1,13,samples/sample_audio_statistics_output/2017/11/28/2017112818381852.txt
ps2013,42,9,202,samples/sample_audio_statistics_output/2016/03/22/2016032218081822.txt
ps2013,42,7,142,samples/sample_audio_statistics_output/2016/03/10/2016031009080922.txt
ps2013,42,7,139,samples/sample_audio_statistics_output/2016/03/10/2016031010181032.txt
